{
  "inputNodes": 4,
  "hiddenLayers": 2,
  "hiddenNodes": 4,
  "outputNodes": 2,
  "weights": [
    {
      "mat": {
        "type": "org.ejml.data.DMatrixRMaj",
        "data": {
          "data": [
            0.5362685434758254,
            -0.60395280934362,
            0.08648509027583451,
            -0.052857748288033135,
            -1.8345411989769764,
            -0.742544236996866,
            1.5915638208619427,
            -1.8850474692016514,
            -1.8563224329988022,
            0.34631684451753825,
            -1.1465079668476594,
            2.5040111649553705,
            1.0448293823942345,
            0.30264503411511934,
            1.5710944606609218,
            -1.9443933656973176
          ],
          "numRows": 4,
          "numCols": 4
        }
      },
      "ops": {
        "type": "org.ejml.simple.ops.SimpleOperations_DDRM",
        "data": {}
      }
    },
    {
      "mat": {
        "type": "org.ejml.data.DMatrixRMaj",
        "data": {
          "data": [
            -3.60047444389409,
            0.5705751053636668,
            -0.04699701706842718,
            2.0662750937304786,
            -2.6252122817086465,
            -0.3095901214918382,
            -1.2065068658347038,
            0.8066567073606385,
            3.343382422331463,
            -1.5820958537972796,
            -1.3233457175842278,
            0.46588590814448827,
            -2.0324323249063805,
            1.2547623458845618,
            1.3309647940887004,
            3.1883616514347852
          ],
          "numRows": 4,
          "numCols": 4
        }
      },
      "ops": {
        "type": "org.ejml.simple.ops.SimpleOperations_DDRM",
        "data": {}
      }
    },
    {
      "mat": {
        "type": "org.ejml.data.DMatrixRMaj",
        "data": {
          "data": [
            2.1387889098820607,
            0.6970966208592397,
            -2.935197220020786,
            1.8908351404628123,
            0.45877476061704203,
            -1.7814546023352222,
            0.6544390137299989,
            -1.57826988146325
          ],
          "numRows": 2,
          "numCols": 4
        }
      },
      "ops": {
        "type": "org.ejml.simple.ops.SimpleOperations_DDRM",
        "data": {}
      }
    }
  ],
  "biases": [
    {
      "mat": {
        "type": "org.ejml.data.DMatrixRMaj",
        "data": {
          "data": [
            -0.3447230625487162,
            0.5693830125905859,
            -3.080166764216571,
            5.3451052877395515
          ],
          "numRows": 4,
          "numCols": 1
        }
      },
      "ops": {
        "type": "org.ejml.simple.ops.SimpleOperations_DDRM",
        "data": {}
      }
    },
    {
      "mat": {
        "type": "org.ejml.data.DMatrixRMaj",
        "data": {
          "data": [
            0.46338598973800965,
            -0.4861796415343722,
            -0.5865986210920291,
            2.649922805347596
          ],
          "numRows": 4,
          "numCols": 1
        }
      },
      "ops": {
        "type": "org.ejml.simple.ops.SimpleOperations_DDRM",
        "data": {}
      }
    },
    {
      "mat": {
        "type": "org.ejml.data.DMatrixRMaj",
        "data": {
          "data": [
            -1.1182061968442834,
            1.0521475296690674
          ],
          "numRows": 2,
          "numCols": 1
        }
      },
      "ops": {
        "type": "org.ejml.simple.ops.SimpleOperations_DDRM",
        "data": {}
      }
    }
  ],
  "learningRate": 0.1,
  "activationFunctionKey": "SIGMOID"
}