{
  "inputNodes": 4,
  "hiddenLayers": 2,
  "hiddenNodes": 4,
  "outputNodes": 2,
  "weights": [
    {
      "mat": {
        "type": "org.ejml.data.DMatrixRMaj",
        "data": {
          "data": [
            -0.9424163795712593,
            -2.2747471176436513,
            3.180850725686448,
            0.07703054322841651,
            -0.6230873996295039,
            0.6693153694099836,
            -0.05335436058974215,
            0.012622467483036207,
            -0.386120951276551,
            1.5293207226510344,
            1.6708996693262006,
            -1.5995722997419877,
            -1.1054616582518233,
            -1.2334231599439796,
            -1.1789744686531074,
            0.2914925621046287
          ],
          "numRows": 4,
          "numCols": 4
        }
      },
      "ops": {
        "type": "org.ejml.simple.ops.SimpleOperations_DDRM",
        "data": {}
      }
    },
    {
      "mat": {
        "type": "org.ejml.data.DMatrixRMaj",
        "data": {
          "data": [
            -2.8952753874673607,
            2.1023192341965453,
            0.743088868526448,
            -2.1137524604003004,
            1.1321239732307613,
            0.7898070492975375,
            -1.139217877466977,
            4.193215591314664,
            0.9187555533299447,
            -2.79276689956454,
            0.09047243278347955,
            -0.44221310933950114,
            -1.7521756463101665,
            -2.539672559964475,
            -0.5467591073172937,
            -1.409322449066083
          ],
          "numRows": 4,
          "numCols": 4
        }
      },
      "ops": {
        "type": "org.ejml.simple.ops.SimpleOperations_DDRM",
        "data": {}
      }
    },
    {
      "mat": {
        "type": "org.ejml.data.DMatrixRMaj",
        "data": {
          "data": [
            0.406772120073931,
            0.9413808636210858,
            -0.897169451127303,
            -0.16863757518535372,
            -1.2812277246665866,
            1.6404358229857912,
            2.758116172742237,
            1.534411302681577
          ],
          "numRows": 2,
          "numCols": 4
        }
      },
      "ops": {
        "type": "org.ejml.simple.ops.SimpleOperations_DDRM",
        "data": {}
      }
    }
  ],
  "biases": [
    {
      "mat": {
        "type": "org.ejml.data.DMatrixRMaj",
        "data": {
          "data": [
            -2.4797169138258535,
            1.377481151494892,
            2.864307312997932,
            -2.537549744767294
          ],
          "numRows": 4,
          "numCols": 1
        }
      },
      "ops": {
        "type": "org.ejml.simple.ops.SimpleOperations_DDRM",
        "data": {}
      }
    },
    {
      "mat": {
        "type": "org.ejml.data.DMatrixRMaj",
        "data": {
          "data": [
            -0.48999770839151613,
            -1.1630235682835297,
            0.1317875410458051,
            -2.4915547770796316
          ],
          "numRows": 4,
          "numCols": 1
        }
      },
      "ops": {
        "type": "org.ejml.simple.ops.SimpleOperations_DDRM",
        "data": {}
      }
    },
    {
      "mat": {
        "type": "org.ejml.data.DMatrixRMaj",
        "data": {
          "data": [
            2.0376660554089074,
            1.5060039358127508
          ],
          "numRows": 2,
          "numCols": 1
        }
      },
      "ops": {
        "type": "org.ejml.simple.ops.SimpleOperations_DDRM",
        "data": {}
      }
    }
  ],
  "learningRate": 0.1,
  "activationFunctionKey": "SIGMOID"
}