{
  "inputNodes": 4,
  "hiddenLayers": 2,
  "hiddenNodes": 4,
  "outputNodes": 2,
  "weights": [
    {
      "mat": {
        "type": "org.ejml.data.DMatrixRMaj",
        "data": {
          "data": [
            -0.6615073821660297,
            0.9846970461949287,
            1.7264741932457321,
            -0.4945848745468169,
            -1.0385238187086674,
            0.6633423009019039,
            -0.1278282191647545,
            -0.42376828963215024,
            0.7125909085634157,
            -0.8059672099203407,
            0.0382454778489455,
            0.17108663448941022,
            -2.613459297774339,
            -0.020637569134331457,
            0.6259974442247435,
            0.07366189325479566
          ],
          "numRows": 4,
          "numCols": 4
        }
      },
      "ops": {
        "type": "org.ejml.simple.ops.SimpleOperations_DDRM",
        "data": {}
      }
    },
    {
      "mat": {
        "type": "org.ejml.data.DMatrixRMaj",
        "data": {
          "data": [
            -0.9764550266237494,
            0.6826095054819975,
            1.5859527202512593,
            1.8475194151476828,
            -2.1781577812449755,
            -1.802548213620248,
            -1.7997079733192756,
            1.8719259280784089,
            -2.054911068519534,
            0.1203627532244011,
            2.2506776078674315,
            0.37248585246471133,
            -0.6546114255673208,
            -1.4317670049106255,
            1.371382862672429,
            -1.021982546208967
          ],
          "numRows": 4,
          "numCols": 4
        }
      },
      "ops": {
        "type": "org.ejml.simple.ops.SimpleOperations_DDRM",
        "data": {}
      }
    },
    {
      "mat": {
        "type": "org.ejml.data.DMatrixRMaj",
        "data": {
          "data": [
            0.29796780562247105,
            1.2250845114477449,
            -0.6009949239423666,
            -2.0804834292352585,
            -0.02027073077246483,
            -0.04595054365592054,
            -0.22718593869441772,
            2.022382068748418
          ],
          "numRows": 2,
          "numCols": 4
        }
      },
      "ops": {
        "type": "org.ejml.simple.ops.SimpleOperations_DDRM",
        "data": {}
      }
    }
  ],
  "biases": [
    {
      "mat": {
        "type": "org.ejml.data.DMatrixRMaj",
        "data": {
          "data": [
            -0.7736573512519225,
            0.5755496185864557,
            -1.6091606996073482,
            -1.851362044589518
          ],
          "numRows": 4,
          "numCols": 1
        }
      },
      "ops": {
        "type": "org.ejml.simple.ops.SimpleOperations_DDRM",
        "data": {}
      }
    },
    {
      "mat": {
        "type": "org.ejml.data.DMatrixRMaj",
        "data": {
          "data": [
            -0.9151224143923183,
            -5.330518040182133,
            -1.1560208306830555,
            0.2686132477789211
          ],
          "numRows": 4,
          "numCols": 1
        }
      },
      "ops": {
        "type": "org.ejml.simple.ops.SimpleOperations_DDRM",
        "data": {}
      }
    },
    {
      "mat": {
        "type": "org.ejml.data.DMatrixRMaj",
        "data": {
          "data": [
            1.1362388272761967,
            -0.7818443726216198
          ],
          "numRows": 2,
          "numCols": 1
        }
      },
      "ops": {
        "type": "org.ejml.simple.ops.SimpleOperations_DDRM",
        "data": {}
      }
    }
  ],
  "learningRate": 0.1,
  "activationFunctionKey": "SIGMOID"
}