{
  "inputNodes": 4,
  "hiddenLayers": 2,
  "hiddenNodes": 4,
  "outputNodes": 2,
  "weights": [
    {
      "mat": {
        "type": "org.ejml.data.DMatrixRMaj",
        "data": {
          "data": [
            -1.2990140150005594,
            1.1931654470682784,
            -1.3067513873566592,
            -0.729461392937818,
            1.0092308532951195,
            2.7573279870910445,
            1.7979249057118727,
            0.7893044106320666,
            -0.2308872188832675,
            1.0914929460222593,
            2.439180386027164,
            1.996567606377382,
            0.9972617452508217,
            -0.9150624048433407,
            0.01157418680790661,
            -0.3045756650838689
          ],
          "numRows": 4,
          "numCols": 4
        }
      },
      "ops": {
        "type": "org.ejml.simple.ops.SimpleOperations_DDRM",
        "data": {}
      }
    },
    {
      "mat": {
        "type": "org.ejml.data.DMatrixRMaj",
        "data": {
          "data": [
            0.46267525250589014,
            -1.0871306612844123,
            -0.22705827839188686,
            -2.7926165501630362,
            -1.1325577700099205,
            -2.420516022144293,
            -2.0122734328079566,
            1.6051954205113503,
            -0.5211725822300327,
            1.931327246630634,
            -2.4672598779241417,
            -2.829653893923019,
            -1.4051111318888823,
            0.38187713809320645,
            -0.8806830702217952,
            0.35477713358662455
          ],
          "numRows": 4,
          "numCols": 4
        }
      },
      "ops": {
        "type": "org.ejml.simple.ops.SimpleOperations_DDRM",
        "data": {}
      }
    },
    {
      "mat": {
        "type": "org.ejml.data.DMatrixRMaj",
        "data": {
          "data": [
            3.9755374808578066,
            -0.05076674415405674,
            2.4138493966750785,
            -2.0747557099493976,
            -0.4560683505660169,
            2.568723590008866,
            -1.215203042079163,
            -0.23540426717022134
          ],
          "numRows": 2,
          "numCols": 4
        }
      },
      "ops": {
        "type": "org.ejml.simple.ops.SimpleOperations_DDRM",
        "data": {}
      }
    }
  ],
  "biases": [
    {
      "mat": {
        "type": "org.ejml.data.DMatrixRMaj",
        "data": {
          "data": [
            0.046151264183909246,
            -0.5776624088102837,
            -1.2767727050754043,
            1.4720807508203264
          ],
          "numRows": 4,
          "numCols": 1
        }
      },
      "ops": {
        "type": "org.ejml.simple.ops.SimpleOperations_DDRM",
        "data": {}
      }
    },
    {
      "mat": {
        "type": "org.ejml.data.DMatrixRMaj",
        "data": {
          "data": [
            -1.3391994337147373,
            -0.8960873218966908,
            0.8449677212773118,
            1.8916750596845056
          ],
          "numRows": 4,
          "numCols": 1
        }
      },
      "ops": {
        "type": "org.ejml.simple.ops.SimpleOperations_DDRM",
        "data": {}
      }
    },
    {
      "mat": {
        "type": "org.ejml.data.DMatrixRMaj",
        "data": {
          "data": [
            0.36080458198120247,
            -0.5171065921631223
          ],
          "numRows": 2,
          "numCols": 1
        }
      },
      "ops": {
        "type": "org.ejml.simple.ops.SimpleOperations_DDRM",
        "data": {}
      }
    }
  ],
  "learningRate": 0.1,
  "activationFunctionKey": "SIGMOID"
}